<?xml version="1.0" encoding="UTF-8"?>

<DynamicModel>
  <isDelete>false</isDelete>
  <id>3379121966400</id>
  <sequence>2147483647</sequence>
  <createDate>1477976990362</createDate>
  <modifyDate>1477976990362</modifyDate>
  <name>模块</name>
  <icon>th-list</icon>
  <isRootChild>false</isRootChild>
  <generator>3379121966016</generator>
  <developer>1862837450176</developer>
  <children>3379121966528</children>
  <properties>
    <DynamicProperty>
      <name>comment</name>
      <label>描述</label>
      <type>String</type>
      <viewWidth>600.0</viewWidth>
      <validator/>
    </DynamicProperty>
  </properties>
</DynamicModel>
