<?xml version="1.0" encoding="UTF-8"?>

<TemplateStrategy createDate="1477976990385" developer="1862837450176" generator="3379121966016" id="3379121969344" isDelete="false" modifyDate="1477976990385" name="生成数据访问代码" sequence="2147483647">
  <Foreach item="project" items="${data.children}">
    <Var name="namespaceFolder" value="${fn:replace(project.properties.namespace, &quot;.&quot;, &quot;/&quot;)}"/>
    <Foreach item="module" items="${project.children}">
      <Foreach item="po" items="${module.children}">
        <File name="${namespaceFolder}/${module.name}/sql/${po.name}.sql" template="3379121967168">
          <TemplateContext value="${global}" var="global"/>
          <TemplateContext value="${project}" var="project"/>
          <TemplateContext value="${module}" var="module"/>
          <TemplateContext value="${po}" var="po"/>
        </File>
        <File name="${namespaceFolder}/${module.name}/mapper/${po.name}Mapper.xml" template="3379121968192">
          <TemplateContext value="${global}" var="global"/>
          <TemplateContext value="${project}" var="project"/>
          <TemplateContext value="${module}" var="module"/>
          <TemplateContext value="${po}" var="po"/>
        </File>
        <File name="${namespaceFolder}/${module.name}/mapper/${po.name}MapperAuto.xml" template="3379121967808">
          <TemplateContext value="${global}" var="global"/>
          <TemplateContext value="${project}" var="project"/>
          <TemplateContext value="${module}" var="module"/>
          <TemplateContext value="${po}" var="po"/>
        </File>
        <File name="${namespaceFolder}/${module.name}/po/${po.name}Po.java" template="3379121968576">
          <TemplateContext value="${global}" var="global"/>
          <TemplateContext value="${project}" var="project"/>
          <TemplateContext value="${module}" var="module"/>
          <TemplateContext value="${po}" var="po"/>
        </File>
        <File name="${namespaceFolder}/${module.name}/dao/${po.name}Dao.java" template="3379121968832">
          <TemplateContext value="${global}" var="global"/>
          <TemplateContext value="${project}" var="project"/>
          <TemplateContext value="${module}" var="module"/>
          <TemplateContext value="${po}" var="po"/>
        </File>
      </Foreach>
    </Foreach>
  </Foreach>
</TemplateStrategy>
