<?xml version="1.0" encoding="UTF-8"?>

<DynamicModel>
  <isDelete>false</isDelete>
  <id>3379121966528</id>
  <sequence>2147483647</sequence>
  <createDate>1477976990363</createDate>
  <modifyDate>1478063348718</modifyDate>
  <name>实体</name>
  <icon>th</icon>
  <isRootChild>false</isRootChild>
  <generator>3379121966016</generator>
  <developer>1862837450176</developer>
  <properties>
    <DynamicProperty>
      <name>tableName</name>
      <label>表名</label>
      <type>String</type>
      <viewWidth>300.0</viewWidth>
      <validator/>
    </DynamicProperty>
    <DynamicProperty>
      <name>comment</name>
      <label>描述</label>
      <type>String</type>
      <viewWidth>600.0</viewWidth>
      <validator/>
    </DynamicProperty>
  </properties>
  <association>
    <DynamicProperty>
      <group>java设置</group>
      <name>propertyName</name>
      <label>属性名</label>
      <type>String</type>
      <viewWidth>150.0</viewWidth>
      <cascadeScript>$property.fieldName = $property.propertyName;</cascadeScript>
      <validator required="true" pattern="^[a-zA-Z_]\w{0,31}$" patternTooltip="非数字开头32位长度字母或数字"/>
    </DynamicProperty>
    <DynamicProperty>
      <group>java设置</group>
      <name>propertyType</name>
      <label>属性类型</label>
      <type>Enum</type>
      <viewWidth>125.0</viewWidth>
      <optionalValues>
        <value>Boolean</value>
        <value>Integer</value>
        <value>Long</value>
        <value>Double</value>
        <value>String</value>
        <value>Date</value>
      </optionalValues>
      <cascadeScript>$property.jdbcType = null; 
$property.fieldType = null; 
$property.fieldLength = null; 
$property.decimalLength = null; 
var type = $property.propertyType;
if(type == "Boolean"){
  $property.jdbcType = "BIT";
  $property.fieldType = "TINYINT";
  $property.fieldLength = 1; 
} 
else if(type == "Integer"){ 
  $property.jdbcType = "INTEGER"; 
  $property.fieldType = "INT"; 
  $property.fieldLength = 11; 
} 
else if(type == "Long"){ 
  $property.jdbcType = "BIGINT"; 
  $property.fieldType = "BIGINT"; 
  $property.fieldLength = 20; 
} 
else if(type == "Double"){ 
  $property.jdbcType = "DECIMAL"; 
  $property.fieldType = "DECIMAL"; 
  $property.fieldLength = 10; 
  $property.decimalLength = 2; 
} 
else if(type == "String"){ 
  $property.jdbcType = "VARCHAR"; 
  $property.fieldType = "VARCHAR"; 
  $property.fieldLength = 100;
} 
else if(type == "Date"){ 
  $property.jdbcType = "TIMESTAMP"; 
  $property.fieldType = "DATETIME"; 
}</cascadeScript>
      <validator required="true"/>
    </DynamicProperty>
    <DynamicProperty>
      <group>java设置</group>
      <name>propertyComment</name>
      <label>属性描述</label>
      <type>String</type>
      <viewWidth>150.0</viewWidth>
      <cascadeScript>$property.fieldComment = $property.propertyComment;</cascadeScript>
      <validator/>
    </DynamicProperty>
    <DynamicProperty>
      <group>java设置</group>
      <name>jdbcType</name>
      <label>JDBC类型</label>
      <type>Enum</type>
      <viewWidth>125.0</viewWidth>
      <optionalValues>
        <value>BIT</value>
        <value>INTEGER</value>
        <value>BIGINT</value>
        <value>DECIMAL</value>
        <value>VARCHAR</value>
        <value>DATE</value>
        <value>TIME</value>
        <value>TIMESTAMP</value>
      </optionalValues>
      <validator required="true"/>
    </DynamicProperty>
    <DynamicProperty>
      <group>sql设置</group>
      <name>fieldName</name>
      <label>字段名</label>
      <type>String</type>
      <viewWidth>150.0</viewWidth>
      <validator required="true" pattern="^[a-zA-Z_]\w{0,31}$" patternTooltip="非数字开头32位长度字母或数字"/>
    </DynamicProperty>
    <DynamicProperty>
      <group>sql设置</group>
      <name>fieldType</name>
      <label>字段类型</label>
      <type>Enum</type>
      <viewWidth>125.0</viewWidth>
      <optionalValues>
        <value>TINYINT</value>
        <value>INT</value>
        <value>BIGINT</value>
        <value>DECIMAL</value>
        <value>VARCHAR</value>
        <value>DATE</value>
        <value>TIME</value>
        <value>DATETIME</value>
      </optionalValues>
      <validator required="true"/>
    </DynamicProperty>
    <DynamicProperty>
      <group>sql设置</group>
      <name>fieldComment</name>
      <label>字段描述</label>
      <type>String</type>
      <viewWidth>150.0</viewWidth>
      <validator/>
    </DynamicProperty>
    <DynamicProperty>
      <group>sql设置</group>
      <name>fieldLength</name>
      <label>长度</label>
      <type>Long</type>
      <viewWidth>75.0</viewWidth>
      <validator/>
    </DynamicProperty>
    <DynamicProperty>
      <group>sql设置</group>
      <name>decimalLength</name>
      <label>小数位</label>
      <type>Long</type>
      <viewWidth>75.0</viewWidth>
      <validator/>
    </DynamicProperty>
    <DynamicProperty>
      <group>sql设置</group>
      <name>isPrimaryKey</name>
      <label>主键</label>
      <type>Boolean</type>
      <viewWidth>50.0</viewWidth>
      <validator/>
    </DynamicProperty>
    <DynamicProperty>
      <group>sql设置</group>
      <name>isAutoIncrement</name>
      <label>自增</label>
      <type>Boolean</type>
      <viewWidth>50.0</viewWidth>
      <validator/>
    </DynamicProperty>
    <DynamicProperty>
      <group>sql设置</group>
      <name>isUnique</name>
      <label>唯一</label>
      <type>Boolean</type>
      <viewWidth>50.0</viewWidth>
      <validator/>
    </DynamicProperty>
  </association>
  <predefinedAssociation>
    <property>
      <propertyName>id</propertyName>
      <propertyType>Long</propertyType>
      <propertyComment>主键</propertyComment>
      <jdbcType>BIGINT</jdbcType>
      <fieldName>id</fieldName>
      <fieldType>BIGINT</fieldType>
      <fieldComment>主键</fieldComment>
      <fieldLength>20</fieldLength>
      <isPrimaryKey>true</isPrimaryKey>
      <isAutoIncrement>true</isAutoIncrement>
    </property>
    <property>
      <propertyName>isDelete</propertyName>
      <propertyType>Boolean</propertyType>
      <propertyComment>是否删除</propertyComment>
      <jdbcType>BIT</jdbcType>
      <fieldName>isDelete</fieldName>
      <fieldType>TINYINT</fieldType>
      <fieldComment>是否删除</fieldComment>
      <fieldLength>1</fieldLength>
    </property>
    <property>
      <propertyName>createDate</propertyName>
      <propertyType>Date</propertyType>
      <propertyComment>创建日期</propertyComment>
      <jdbcType>TIMESTAMP</jdbcType>
      <fieldName>createDate</fieldName>
      <fieldType>DATETIME</fieldType>
      <fieldComment>创建日期</fieldComment>
    </property>
    <property>
      <propertyName>modifyDate</propertyName>
      <propertyType>Date</propertyType>
      <propertyComment>修改日期</propertyComment>
      <jdbcType>TIMESTAMP</jdbcType>
      <fieldName>modifyDate</fieldName>
      <fieldType>DATETIME</fieldType>
      <fieldComment>修改日期</fieldComment>
    </property>
    <property>
      <propertyName>creatorId</propertyName>
      <propertyType>Long</propertyType>
      <propertyComment>创建者</propertyComment>
      <jdbcType>BIGINT</jdbcType>
      <fieldName>creator_id</fieldName>
      <fieldType>BIGINT</fieldType>
      <fieldComment>创建者</fieldComment>
      <fieldLength>20</fieldLength>
    </property>
    <property>
      <propertyName>modifierId</propertyName>
      <propertyType>Long</propertyType>
      <propertyComment>修改者</propertyComment>
      <jdbcType>BIGINT</jdbcType>
      <fieldName>modifier_id</fieldName>
      <fieldType>BIGINT</fieldType>
      <fieldComment>修改者</fieldComment>
      <fieldLength>20</fieldLength>
    </property>
  </predefinedAssociation>
</DynamicModel>
