<?xml version="1.0" encoding="UTF-8"?>

<DynamicModel>
  <isDelete>false</isDelete>
  <id>3379121966272</id>
  <sequence>2147483647</sequence>
  <createDate>1477976990361</createDate>
  <modifyDate>1477976990361</modifyDate>
  <name>项目</name>
  <icon>th-large</icon>
  <isRootChild>true</isRootChild>
  <generator>3379121966016</generator>
  <developer>1862837450176</developer>
  <children>3379121966400</children>
  <properties>
    <DynamicProperty>
      <name>namespace</name>
      <label>包名</label>
      <type>String</type>
      <viewWidth>600.0</viewWidth>
      <validator required="true"/>
    </DynamicProperty>
    <DynamicProperty>
      <name>comment</name>
      <label>描述</label>
      <type>String</type>
      <viewWidth>600.0</viewWidth>
      <validator/>
    </DynamicProperty>
  </properties>
</DynamicModel>
