<?xml version="1.0" encoding="UTF-8"?>

<DynamicModel>
  <isDelete>false</isDelete>
  <id>3471983916608</id>
  <sequence>2147483647</sequence>
  <createDate>1478702474348</createDate>
  <modifyDate>1478702474348</modifyDate>
  <name>Po</name>
  <icon>th</icon>
  <isRootChild>true</isRootChild>
  <generator>3471896216256</generator>
  <developer>3471793557824</developer>
  <properties>
    <DynamicProperty>
      <name>comment</name>
      <label>描述</label>
      <type>String</type>
      <viewWidth>600.0</viewWidth>
      <validator/>
    </DynamicProperty>
  </properties>
  <association>
    <DynamicProperty>
      <name>propertyName</name>
      <label>属性名称</label>
      <type>String</type>
      <viewWidth>200.0</viewWidth>
      <validator pattern="^[a-zA-Z_]\w{0,31}$" patternTooltip="非数字开头32位长度字母或数字"/>
    </DynamicProperty>
    <DynamicProperty>
      <name>propertyType</name>
      <label>属性类型</label>
      <type>Enum</type>
      <viewWidth>125.0</viewWidth>
      <optionalValues>
        <value>Boolean</value>
        <value>Integer</value>
        <value>Long</value>
        <value>Double</value>
        <value>String</value>
        <value>Date</value>
      </optionalValues>
      <validator/>
    </DynamicProperty>
    <DynamicProperty>
      <name>propertyComment</name>
      <label>属性描述</label>
      <type>String</type>
      <viewWidth>200.0</viewWidth>
      <validator/>
    </DynamicProperty>
  </association>
  <predefinedAssociation>
    <property>
      <propertyName>id</propertyName>
      <propertyType>Long</propertyType>
      <propertyComment>主键</propertyComment>
    </property>
    <property>
      <propertyName>isDelete</propertyName>
      <propertyType>Boolean</propertyType>
      <propertyComment>是否删除</propertyComment>
    </property>
  </predefinedAssociation>
</DynamicModel>
